zhname,loc,smType,smlist,rnum
洛带古镇,成都市龙泉驿区洛带古镇,点,景点,1
平乐古镇,成都市邛崃市平乐古镇,点,景点,2
安仁古镇,成都市大邑县安仁古镇,点,景点,3
黄龙溪古镇,成都市双流区黄龙溪古镇,点,景点,4
街子古镇,成都市崇州市街子古镇,点,景点,5
五凤溪古镇,成都市金堂县五凤溪古镇,点,景点,6
元通古镇,成都市崇州市元通古镇,点,景点,7
怀远古镇,成都市崇州市怀远古镇,点,景点,8
夹关古镇,成都市邛崃市夹关古镇,点,景点,9
西来古镇,成都市蒲江县西来古镇,点,景点,10
柳江古镇,眉山市洪雅县柳江古镇,点,景点,11
高庙古镇,眉山市洪雅县高庙古镇,点,景点,12
汉阳古镇,眉山市青神县汉阳古镇,点,景点,13
清溪古镇,乐山市犍为县清溪古镇,点,景点,14
罗城古镇,乐山市犍为县罗城古镇,点,景点,15
望鱼古镇,雅安市雨城区望鱼古镇,点,景点,16
九襄古镇,雅安市汉源县九襄古镇,点,景点,17
仙市古镇,自贡市沿滩区仙市古镇,点,景点,18
李庄古镇,宜宾市翠屏区李庄古镇,点,景点,19
福宝古镇,泸州市合江县福宝古镇,点,景点,20