key,note,smType,smlist,rnum
洛带古镇,"洛带古镇地处成都东郊龙泉山脉中段，始建于三国蜀汉时期，是客家文化在川西的集中展示地。古镇核心区占地1.2平方公里，保存着广东会馆（全国保存最完整的客家会馆）、江西会馆、湖广会馆三座清代会馆建筑群，其中广东会馆的戏台藻井采用'鸡笼顶'结构，属国家级文物保护单位。客家土楼风格的'博客楼'为国内现存最高客家围楼（四层），每年农历六月二十四的火龙节表演中，舞龙者赤膊上阵，以铁水泼洒形成'火树银花'奇观，该习俗已列入国家级非遗名录。镇内客家美食'九大碗'、伤心凉粉等极具特色。",字,描述,1
平乐古镇,"平乐古镇位于邛崃山脉南麓，白沫江穿镇而过，形成'一江分三岛'的独特格局。古镇始建于西汉，现存明清古街2.4公里，青石板路两侧保留着33家百年老字号商铺。镇内'九古'景观包括古街、古寺（金华寺）、古桥（乐善桥，清代石拱桥，桥身7孔，长120米）、古堰、古坊、古道、古歌、古树（千年榕树群）、古民俗。其中乐善桥采用'桃形拱'设计，可抗8级地震。每年清明举办的'台会'巡游，融合川剧变脸、高跷表演等元素，吸引数十万游客。",字,描述,2
安仁古镇,"安仁古镇距成都41公里，以'三馆一街'（刘氏庄园博物馆、建川博物馆聚落、公馆老街）为核心。刘氏庄园占地7万余平方米，建筑群融合中西方风格，'收租院'群雕真实再现旧社会地主剥削场景。建川博物馆聚落由32座专题博物馆组成，藏品超1000万件，其中'抗战馆'展出赵一曼家书等珍贵文物。公馆老街现存27座民国公馆，采用'前店后居'布局，青砖灰瓦间点缀着欧式立柱，被誉为'露天建筑博物馆'。",字,描述,3
黄龙溪古镇,"黄龙溪古镇地处锦江与鹿溪河交汇处，自古为重要水运码头。古镇核心区1平方公里内保存着'一街三寺庙'（正街、古龙寺、潮音寺、镇江寺）格局，其中古龙寺的千年古榕树树冠覆盖面积达600平方米。火龙表演是古镇标志性活动，舞龙者身着防火服，在铁水金花中穿梭，该技艺已传承300余年。镇内'三县衙门'（华阳、彭山、仁寿三县共管机构）遗址，展示了古代基层治理智慧。黄龙溪还是多部影视剧取景地，如《芙蓉镇》《秦淮人家》等。",字,描述,4
街子古镇,"街子古镇位于青城山后山，味江河与横江河交汇处，形成'水在街中流，街在水中活'的景观。古镇现存明清建筑8.6万平方米，以'六字一句'的川西民居为特色（小青瓦、粉白墙、木格窗）。字库塔（清代）高15米，六角五层，塔身刻有《千字文》，是古代文人焚烧字纸的专用建筑。镇内'唐求故里'纪念唐代诗人唐求，其'一瓢诗人'典故流传至今。每年农历六月初六举办的'山歌节'，可欣赏到原生态的青城山歌表演。",字,描述,5
五凤溪古镇,"五凤溪古镇地处龙泉山脉中段，因五座山峰形似凤凰展翅而得名。古镇依山傍水，形成'半边山江半边城'的独特风貌，现存明清建筑12万平方米。关圣宫（清代）是川西最大的关羽庙，正殿采用'无梁殿'设计，全部用斗拱叠涩而成。南华宫（广东会馆）的戏台藻井绘有'二十四孝'图，工艺精湛。镇内'尚义桥'为明代石拱桥，桥身刻有'行善积德'等铭文，是古代商贾捐资修建的公益设施。",字,描述,6
元通古镇,"元通古镇位于崇州市西北，文井江、味江、泊江三江汇流处，自古为川西重要物资集散地。古镇现存清代至民国时期建筑28万平方米，以'三横三纵'街巷格局为特色。罗家大院（清代）是川西最大的民居建筑群，占地12亩，采用'四合五天井'布局，木雕'百鸟朝凤'窗棂堪称一绝。镇内'永利桥'为清代石拱桥，长60米，桥身刻有'元通古镇'四字，是古代'茶马古道'的重要节点。",字,描述,7
怀远古镇,"怀远古镇地处崇州市西北，与元通古镇隔江相望，历史可追溯至东晋时期。古镇现存明清建筑15万平方米，以'三街六巷'格局为特色，其中'上新街'保存着完整的清代商铺群。林氏宗祠（清代）是川西最大的家族祠堂，占地8亩，采用'前祠后宅'布局，戏台藻井绘有'三国演义'故事。镇内'藤编一条街'汇聚了30余家藤编作坊，其工艺已列入省级非遗名录，产品远销欧美。",字,描述,8
夹关古镇,"夹关古镇位于邛崃市西南，白沫江穿镇而过，形成'一江两岸三岛'的景观。古镇现存明清建筑10万平方米，以'三桥两街'格局为特色，其中'庆元桥'（清代）为石拱桥，长80米，桥身刻有'夹关古镇'四字。镇内'南丝路博物馆'展示了古代南方丝绸之路的商贸历史，展出丝绸、茶具等文物200余件。每年农历三月初三举办的'山歌会'，可欣赏到原生态的邛崃山歌表演。",字,描述,9
西来古镇,"西来古镇位于蒲江县西北，临溪河穿镇而过，形成'一河两街'的格局。古镇现存明清建筑8万平方米，以'十二棵古榕'为标志性景观，其中最古老的'夫妻榕'已有千年历史。文峰塔（清代）高25米，六角九层，塔身刻有'文运昌隆'等铭文，是古代文人祈求科举顺利的场所。镇内'瞿上城遗址'是古蜀国开明王朝的都城，出土了青铜器、陶器等文物。每年农历六月初六举办的'龙舟赛'，吸引周边数万群众观看。",字,描述,10
柳江古镇,"柳江古镇位于洪雅县西南，花溪河与杨村河交汇处，形成'山水相依'的景观。古镇现存明清建筑12万平方米，以'川西吊脚楼'为特色，其中'曾家园'（民国）是川西最大的私家园林，占地15亩，采用'中西合璧'风格，园内'西洋楼'的彩色玻璃窗堪称一绝。镇内'百年老街'保存着30余家百年老字号商铺，其中'张记包子'已传承五代。每年农历七月初七举办的'七夕节'，可体验到传统的'拜织女'仪式。",字,描述,11
高庙古镇,"高庙古镇位于洪雅县东南，花溪河源头，地处海拔800米的山间盆地。古镇现存明清建筑6万平方米，以'原始风貌'为特色，其中'李家大院'（清代）是川西最大的土墙民居，墙厚1米，可防匪患。镇内'二峨山'是道教圣地，山上的'高庙寺'始建于唐代，现存明代大殿，殿内'三世佛'造像采用'悬塑'工艺，栩栩如生。每年农历三月初三举办的'山王会'，是当地最盛大的庙会，可欣赏到'高跷狮子'表演。",字,描述,12
汉阳古镇,"汉阳古镇位于青神县西南，岷江穿镇而过，形成'一江两岸'的格局。古镇现存明清建筑5万平方米，以'四合院'为特色，其中'王家大院'（清代）是川西最大的四合院，占地8亩，采用'三进式'布局，木雕'四季花卉'窗棂堪称一绝。镇内'汉阳花生博物馆'展示了花生种植、加工历史，展出清代木制花生脱壳机等文物。每年农历八月初八举办的'花生节'，可品尝到'汉阳鸡'、'花生糖'等特色美食。",字,描述,13
清溪古镇,"清溪古镇位于犍为县西南，马边河穿镇而过，形成'一河三岛'的景观。古镇现存明清建筑7万平方米，以'石板街'为特色，其中'正西街'保存着完整的清代商铺群，青石板路两侧的'吊脚楼'采用'前店后居'布局。镇内'文庙'（清代）是川南最大的孔庙，占地2万平方米，采用'棂星门'、'大成殿'等传统布局，殿内'孔子像'高3米，采用'金漆彩绘'工艺。每年农历二月二举办的'龙抬头'庙会，可欣赏到'舞龙'、'踩高跷'等表演。",字,描述,14
罗城古镇,"罗城古镇位于犍为县东北，地处海拔400米的丘陵地带，以'船形街'闻名于世。古镇核心区0.5平方公里内保存着完整的清代街巷，其中'凉厅街'长209米，宽9米，两侧木柱支撑的'凉厅'形成'空中走廊'，可遮阳避雨。镇内'三宫五庙'（南华宫、寿福宫、禹王宫、文昌宫、川主庙）保存完好，其中'南华宫'的戏台藻井绘有'二十四孝'图，工艺精湛。每年农历六月初六举办的'船形街文化节'，可体验到'茶馆文化'、'川剧变脸'等特色活动。",字,描述,15
望鱼古镇,"望鱼古镇位于雅安市雨城区，周公河穿镇而过，形成'一河两岸'的格局。古镇现存明清建筑4万平方米，以'青石板街'为特色，其中'老街'保存着完整的清代商铺群，青石板路两侧的'吊脚楼'采用'前店后居'布局。镇内'望鱼寺'（清代）是川西重要的佛教圣地，现存明代大殿，殿内'三世佛'造像采用'悬塑'工艺，栩栩如生。每年农历三月初三举办的'山歌会'，可欣赏到原生态的雅安山歌表演。",字,描述,16
九襄古镇,"九襄古镇位于汉源县西北，大渡河支流流沙河穿镇而过，形成'一河两岸'的格局。古镇现存明清建筑6万平方米，以'石牌坊群'为特色，其中'九襄石牌坊'（清代）高11米，宽9米，采用'五楼十一门'布局，正面刻有'忠孝节义'四字，背面刻有'二十四孝'故事，工艺精湛。镇内'汉源花椒博物馆'展示了花椒种植、加工历史，展出清代木制花椒筛等文物。每年农历七月初七举办的'花椒节'，可品尝到'花椒鸡'、'花椒鱼'等特色美食。",字,描述,17
仙市古镇,"仙市古镇位于自贡市沿滩区，釜溪河穿镇而过，形成'一河两岸'的格局。古镇现存明清建筑5万平方米，以'四街五庙'为特色，其中'正街'保存着完整的清代商铺群，青石板路两侧的'吊脚楼'采用'前店后居'布局。镇内'南华宫'（清代）是广东会馆，戏台藻井绘有'三国演义'故事，工艺精湛。每年农历二月初二举办的'盐商文化节'，可体验到'制盐工艺'、'盐帮菜'等特色活动。",字,描述,18
李庄古镇,"李庄古镇位于宜宾市翠屏区，长江穿镇而过，形成'一江两岸'的格局。古镇现存明清建筑8万平方米，以'九宫十八庙'为特色，其中'禹王宫'（清代）是湖广会馆，占地4000平方米，采用'山门'、'戏台'、'大殿'等传统布局，殿内'禹王像'高5米，采用'金漆彩绘'工艺。抗战时期，同济大学、中央研究院等机构迁驻李庄，梁思成、林徽因等学者在此工作，镇内'中国营造学社旧址'保存完好。每年农历六月初六举办的'长江文化节'，可体验到'划龙舟'、'吃粽子'等特色活动。",字,描述,19
福宝古镇,"福宝古镇位于合江县东南，大漕河穿镇而过，形成'一河两岸'的格局。古镇现存明清建筑10万平方米，以'回龙街'为特色，该街长300米，宽4米，两侧'吊脚楼'依山而建，采用'前店后居'布局，木雕'四季花卉'窗棂堪称一绝。镇内'福宝寺'（清代）是川南重要的佛教圣地，现存明代大殿，殿内'三世佛'造像采用'悬塑'工艺，栩栩如生。每年农历三月初三举办的'山歌会'，可欣赏到原生态的泸州山歌表演。",字,描述,20